id,interest_rate
7001,12.310305
7002,16.65846
7003,13.122728
7004,9.414061
7005,11.959641
7006,9.779253
7007,15.175812
7008,8.825511
7009,18.575401
7010,16.404184
7011,9.948124
7012,10.626621
7013,12.219343
7014,7.105841
7015,15.711823
7016,10.3935375
7017,14.803772
7018,10.001443
7019,7.8195643
7020,14.336884
7021,11.591188
7022,9.75063
7023,5.641204
7024,10.543013
7025,14.873831
7026,12.0288315
7027,16.467594
7028,9.907959
7029,8.365921
7030,19.602821
7031,12.357013
7032,11.335731
7033,15.631519
7034,13.65691
7035,14.641453
7036,7.2760596
7037,12.836857
7038,9.088987
7039,6.7538776
7040,16.466242
7041,12.576234
7042,14.083016
7043,8.028032
7044,10.184982
7045,10.151298
7046,12.36719
7047,17.374304
7048,13.523031
7049,13.15568
7050,10.959297
7051,16.303791
7052,11.2793
7053,13.592728
7054,13.617017
7055,15.307716
7056,14.194914
7057,13.074196
7058,10.179477
7059,14.702516
7060,9.359054
7061,10.460868
7062,11.770794
7063,13.2572565
7064,6.6815577
7065,14.464863
7066,9.696412
7067,14.617226
7068,9.480228
7069,15.997761
7070,14.882274
7071,9.978974
7072,13.154194
7073,11.431357
7074,13.823748
7075,13.646539
7076,16.85734
7077,18.237473
7078,16.757235
7079,10.103373
7080,16.17569
7081,13.542011
7082,12.8170805
7083,16.537418
7084,12.578671
7085,9.986864
7086,14.149696
7087,10.513298
7088,12.746481
7089,11.521935
7090,10.98564
7091,19.589848
7092,11.917044
7093,6.164594
7094,11.162242
7095,12.085951
7096,13.229419
7097,12.458998
7098,17.55655
7099,10.186637
7100,14.228936
7101,15.113445
7102,5.631377
7103,15.597069
7104,13.078871
7105,17.534027
7106,9.684327
7107,9.341422
7108,11.205202
7109,15.394748
7110,9.77478
7111,11.023624
7112,17.319496
7113,4.4177594
7114,9.782699
7115,16.209005
7116,18.221508
7117,8.225142
7118,7.2800097
7119,15.915538
7120,9.547833
7121,12.0396185
7122,8.951715
7123,9.470124
7124,11.232906
7125,15.645057
7126,8.889938
7127,14.404175
7128,14.081121
7129,11.916661
7130,14.01999
7131,7.6256323
7132,12.633333
7133,15.779554
7134,7.4263706
7135,12.581287
7136,12.5696
7137,12.984701
7138,13.16548
7139,11.881619
7140,7.391185
7141,17.141819
7142,7.895492
7143,19.901281
7144,9.495738
7145,10.36515
7146,11.086033
7147,12.987879
7148,8.602128
7149,16.75804
7150,13.14087
7151,10.769104
7152,17.313967
7153,7.8950467
7154,13.371364
7155,12.825605
7156,12.581115
7157,7.321233
7158,16.376486
7159,10.571131
7160,11.878626
7161,8.92995
7162,14.622751
7163,8.192261
7164,10.157735
7165,13.60775
7166,10.20723
7167,11.638149
7168,8.482668
7169,17.696487
7170,7.8584976
7171,9.529182
7172,15.158693
7173,10.386612
7174,9.289522
7175,12.595857
7176,12.721206
7177,12.542239
7178,10.672567
7179,13.220646
7180,17.68609
7181,10.094708
7182,9.356755
7183,14.310805
7184,17.761642
7185,6.635171
7186,17.278324
7187,10.200025
7188,10.88917
7189,8.5605135
7190,16.159
7191,14.664945
7192,11.890873
7193,16.628014
7194,9.84509
7195,11.978151
7196,11.511996
7197,12.98281
7198,8.907658
7199,12.76073
7200,11.840601
7201,12.966888
7202,9.710864
7203,13.293643
7204,9.112647
7205,9.028907
7206,20.541273
7207,10.35837
7208,15.189987
7209,13.248773
7210,14.150074
7211,17.405544
7212,14.972211
7213,12.376052
7214,16.122602
7215,9.583634
7216,11.790657
7217,10.667315
7218,9.916895
7219,11.16065
7220,13.614867
7221,13.302458
7222,13.962713
7223,13.373466
7224,11.412998
7225,11.033374
7226,10.726749
7227,6.077485
7228,11.047178
7229,13.745312
7230,9.142701
7231,9.857263
7232,17.904518
7233,11.468722
7234,12.313797
7235,13.335341
7236,15.997389
7237,11.205523
7238,12.67683
7239,20.900526
7240,17.851671
7241,11.5224285
7242,14.761045
7243,6.5990057
7244,11.3466015
7245,16.101608
7246,17.444399
7247,12.349745
7248,16.069061
7249,7.925031
7250,12.826468
7251,13.192334
7252,15.735765
7253,16.542353
7254,15.161965
7255,8.982125
7256,9.487084
7257,13.524576
7258,7.9920435
7259,12.806186
7260,7.1049566
7261,15.705582
7262,11.301288
7263,5.313964
7264,8.788067
7265,12.326964
7266,10.407641
7267,16.664757
7268,9.805381
7269,14.745122
7270,9.504697
7271,11.833142
7272,8.654252
7273,8.15588
7274,5.984034
7275,7.9147673
7276,11.270597
7277,18.245628
7278,15.664477
7279,5.1767673
7280,18.347025
7281,13.474766
7282,12.80787
7283,12.57087
7284,12.200607
7285,14.111161
7286,10.512919
7287,16.525333
7288,10.221146
7289,15.263449
7290,6.257199
7291,6.9257035
7292,13.686828
7293,5.753333
7294,14.8608465
7295,12.014613
7296,8.6769905
7297,9.705655
7298,14.479609
7299,11.294031
7300,17.365927
7301,7.5915427
7302,15.408598
7303,15.682491
7304,12.8900585
7305,13.077581
7306,9.327196
7307,13.400794
7308,15.923515
7309,6.993317
7310,9.945036
7311,18.852617
7312,16.422651
7313,11.696011
7314,13.112156
7315,22.011984
7316,15.439884
7317,8.592524
7318,12.710791
7319,6.3982844
7320,10.225098
7321,19.219929
7322,13.2028885
7323,6.5604787
7324,8.267561
7325,9.597951
7326,13.075081
7327,10.110645
7328,16.614197
7329,6.242568
7330,13.684654
7331,11.60246
7332,16.16549
7333,14.738689
7334,6.2973475
7335,4.0326743
7336,11.754879
7337,6.832133
7338,14.120654
7339,11.42644
7340,10.442634
7341,13.20464
7342,13.055335
7343,10.174908
7344,17.955286
7345,16.404299
7346,17.444626
7347,12.455564
7348,9.68876
7349,10.815049
7350,13.716349
7351,19.778292
7352,15.028892
7353,17.881205
7354,7.5733805
7355,15.9158325
7356,10.029589
7357,9.355483
7358,10.185527
7359,13.593159
7360,13.140685
7361,12.444364
7362,9.562048
7363,18.836765
7364,10.09118
7365,13.720073
7366,9.69168
7367,16.496618
7368,9.057559
7369,8.882887
7370,6.753008
7371,11.918864
7372,17.516968
7373,12.565345
7374,12.18025
7375,10.85542
7376,7.934815
7377,13.067878
7378,18.94511
7379,10.145285
7380,11.296141
7381,12.569851
7382,10.310717
7383,6.780253
7384,7.8417397
7385,4.6659284
7386,10.662744
7387,11.880966
7388,5.4239006
7389,6.650719
7390,12.890336
7391,9.752987
7392,14.4495325
7393,14.963889
7394,13.998332
7395,8.336575
7396,5.344391
7397,12.960007
7398,15.946254
7400,8.42048
7401,11.770124
7402,15.346472
7403,13.5819235
7404,10.45316
7405,12.798629
7406,18.228216
7407,14.900179
7408,10.187508
7409,13.965603
7410,13.209012
7411,16.644524
7412,9.015964
7413,9.566451
7414,10.514561
7415,17.750172
7416,15.398079
7417,14.343563
7418,11.24626
7419,14.166729
7420,8.540484
7421,14.181023
7422,9.381336
7423,10.699684
7424,10.009131
7425,6.1810503
7426,9.405868
7427,13.080758
7428,11.942363
7429,12.294259
7430,11.918591
7431,13.69602
7432,4.1006947
7433,7.809704
7434,17.236296
7435,12.143207
7436,13.777119
7437,7.604819
7438,11.682872
7439,14.658199
7440,16.97952
7441,15.167707
7442,6.058076
7443,18.719381
7444,14.236855
7445,16.384037
7446,17.07471
7447,10.067943
7448,4.418367
7449,17.983463
7450,6.9308224
7451,9.228356
7452,12.745412
7453,11.8146
7454,12.772222
7455,10.940583
7456,16.286713
7457,12.605362
7458,10.321926
7459,17.999262
7460,7.134064
7461,9.27689
7462,14.027416
7463,10.871612
7464,20.273212
7465,6.405561
7466,13.860871
7467,8.39386
7468,14.002573
7469,16.896229
7470,17.640028
7471,17.928198
7472,7.8046765
7473,11.391585
7474,13.026434
7475,16.46494
7476,10.860887
7477,13.21162
7478,12.418234
7479,11.903966
7480,13.548902
7481,12.812981
7482,5.716888
7483,7.5770483
7484,16.109535
7485,16.281319
7486,16.383728
7487,8.4396515
7488,4.339275
7489,8.04325
7490,15.752163
7491,12.850678
7492,9.809769
7493,9.734682
7494,8.646872
7495,8.839841
7496,10.500365
7497,12.721815
7498,11.53697
7499,6.0965624
7500,14.182197
7501,6.4296417
7502,18.392698
7503,7.632126
7504,11.077185
7505,14.286434
7506,17.580564
7507,15.13103
7508,9.132146
7509,11.022669
7510,8.2161255
7511,10.626429
7512,10.048788
7513,15.788158
7514,8.440514
7515,15.230285
7516,7.4153194
7517,13.706901
7518,8.894232
7519,13.660119
7520,11.489579
7521,8.105085
7522,13.222293
7523,11.05438
7524,12.005909
7525,14.147866
7526,11.181904
7527,12.207233
7528,15.196835
7529,14.378886
7530,14.955036
7531,12.221682
7532,12.268865
7533,7.061303
7534,14.669976
7535,9.177902
7536,14.925805
7537,6.031978
7538,10.935669
7539,19.134336
7540,11.361707
7541,12.311628
7542,10.816317
7543,13.023898
7544,17.302242
7545,11.427736
7546,11.076373
7547,11.306173
7548,11.271819
7549,7.605627
7550,18.895153
7551,12.218124
7552,14.136683
7553,15.126322
7554,8.8509
7555,18.391962
7556,9.735244
7557,7.960116
7558,9.508404
7559,9.146232
7560,10.060606
7561,9.486272
7562,7.766515
7563,18.768335
7564,13.599835
7565,12.267438
7566,9.291548
7567,17.13122
7568,20.191198
7569,8.988711
7570,13.260903
7571,9.623758
7572,11.726592
7573,13.816383
7574,11.703922
7575,7.8363094
7576,8.924726
7577,20.292814
7578,5.6035843
7579,11.279228
7580,10.884708
7581,10.0330925
7582,13.079949
7583,15.094325
7584,11.022862
7585,8.04541
7586,12.860624
7587,10.146971
7588,14.18289
7589,11.063839
7590,11.770213
7591,9.205799
7592,16.511393
7593,7.940496
7594,13.871447
7595,14.563984
7596,7.879471
7597,21.012495
7598,12.417
7599,8.168533
7600,20.777557
7601,13.297649
7602,16.210348
7603,17.91347
7604,12.988875
7605,10.272858
7606,8.137195
7607,12.363138
7608,10.895228
7609,14.17777
7610,13.312531
7611,12.6926155
7612,7.5432644
7613,9.637786
7614,5.2475886
7615,14.266949
7616,10.629841
7617,10.897553
7618,15.435034
7619,13.491717
7620,15.430851
7621,12.870471
7622,8.359274
7623,7.881241
7624,14.067695
7625,5.0065775
7626,18.367378
7627,14.567224
7628,12.405916
7629,8.075422
7630,16.603376
7631,5.789397
7632,10.421872
7633,14.460072
7634,13.93736
7635,16.094322
7636,13.064454
7637,9.396762
7638,11.507913
7639,11.602479
7640,19.72595
7641,12.569393
7642,8.740145
7643,17.413431
7644,13.969193
7645,16.28669
7646,17.148209
7647,17.984781
7648,7.9837203
7649,12.762199
7650,11.199336
7651,9.30533
7652,13.1104145
7653,9.248196
7654,15.533
7655,13.632549
7656,12.967316
7657,7.074894
7658,15.326216
7659,13.775737
7660,12.502688
7661,17.85439
7662,12.241791
7663,15.228632
7664,10.392903
7665,14.909397
7666,8.985614
7667,4.2957163
7668,15.596703
7669,14.364731
7670,11.150567
7671,17.556198
7672,12.675132
7673,15.889428
7674,13.097601
7675,14.855381
7676,15.144484
7677,19.52695
7678,16.075993
7679,7.5144463
7680,13.969707
7681,10.773791
7682,6.956615
7683,12.399122
7684,11.823927
7685,10.719047
7686,13.580162
7687,9.743921
7688,7.9530773
7689,10.068021
7690,6.8411975
7691,19.729885
7692,14.150259
7693,13.419864
7694,13.267416
7695,10.387079
7696,9.995537
7697,17.447273
7698,12.753687
7699,11.133266
7700,11.194805
7701,14.376491
7702,12.063777
7703,11.744261
7704,10.202269
7705,11.975548
7706,14.642119
7707,13.112715
7708,16.074486
7709,9.287306
7710,18.384247
7711,14.191838
7712,18.65721
7713,15.601216
7714,13.398191
7715,14.829858
7716,13.551411
7717,15.641224
7718,21.395151
7719,16.57611
7720,13.240234
7721,10.507963
7722,12.553368
7723,11.522727
7724,6.4868827
7725,14.225442
7726,12.580238
7727,10.605174
7728,13.092012
7729,11.91695
7730,10.912586
7731,7.3223047
7732,10.91464
7733,18.73294
7734,16.12161
7735,13.881545
7736,15.344227
7737,15.11401
7738,11.968682
7739,10.547835
7740,8.338272
7741,11.393306
7742,10.675428
7743,15.255013
7744,9.674431
7745,18.20904
7746,12.806709
7747,22.829172
7748,16.565573
7749,9.733938
7750,7.7483773
7751,10.202966
7752,15.21014
7753,15.134688
7754,17.487413
7755,8.371051
7756,12.09167
7757,10.50605
7758,10.772559
7759,14.026538
7760,15.307748
7761,12.469865
7762,13.2812805
7763,21.040903
7764,13.664789
7765,10.780402
7766,5.989824
7767,11.352379
7768,9.243456
7769,18.617126
7770,8.843583
7771,10.041187
7772,11.718393
7773,13.5590515
7774,12.766489
7775,10.241746
7776,13.781235
7777,9.626608
7778,6.665664
7779,7.7749753
7780,7.393496
7781,14.013841
7782,10.755661
7783,11.036854
7784,7.557517
7785,12.201991
7786,15.619913
7787,13.440841
7788,15.231988
7789,14.656795
7790,13.340735
7791,9.790176
7792,17.689837
7793,12.211544
7794,14.072879
7795,16.244453
7796,8.756198
7797,12.852566
7798,6.25772
7799,6.5983925
7800,11.668258
7801,9.038591
7802,13.555525
7803,17.841166
7804,17.401608
7805,6.4791408
7806,15.302499
7807,18.643013
7808,14.155538
7809,11.214172
7810,13.714226
7811,14.181761
7812,12.479804
7813,5.1032133
7814,13.379987
7815,12.216555
7816,11.778271
7817,16.191795
7818,9.093065
7819,11.097259
7820,10.39418
7821,7.1260185
7822,12.726816
7823,15.105237
7824,6.8627996
7825,11.729594
7826,7.6826134
7827,18.543234
7828,13.772512
7829,11.273409
7830,10.135155
7831,17.111992
7832,14.027695
7833,19.697554
7834,10.504669
7835,14.603331
7836,16.475311
7837,16.843002
7838,15.815671
7839,8.597528
7840,13.902808
7841,15.636035
7842,10.098421
7843,17.837967
7844,14.05493
7845,13.471174
7846,13.298143
7847,9.999912
7848,10.350355
7849,19.483236
7850,15.619279
7851,8.239769
7852,13.209193
7853,12.403137
7854,13.989509
7855,15.3687525
7856,16.38913
7857,13.58632
7858,8.918085
7859,12.592611
7860,8.231489
7861,14.94307
7862,9.927627
7863,6.164879
7864,13.677158
7865,13.202344
7866,10.541287
7867,6.596925
7868,13.746423
7869,9.524232
7870,18.878202
7871,10.261385
7872,13.183052
7873,16.940191
7874,14.050766
7875,14.715263
7876,12.441067
7877,9.352486
7878,9.742471
7879,10.826054
7880,7.9499683
7881,20.702345
7882,10.699161
7883,9.457317
7884,10.064977
7885,12.105963
7886,11.960011
7887,12.967055
7888,13.205077
7889,15.03712
7890,14.388679
7891,16.277458
7892,8.29093
7893,12.4521
7894,11.267599
7895,12.966497
7896,21.033289
7897,16.103733
7898,10.143927
7899,7.7992854
7900,7.3834743
7901,11.526474
7902,11.605596
7903,17.405117
7904,10.227924
7905,10.636264
7906,11.153627
7907,15.166088
7908,15.928338
7909,14.727357
7910,16.185747
7911,8.914934
7912,8.28228
7913,18.53268
7914,12.2761135
7915,11.71929
7916,13.095698
7917,10.297312
7918,10.92312
7919,14.603867
7920,7.8996997
7921,12.331703
7922,11.938005
7923,10.529173
7924,13.10842
7925,18.285284
7926,13.158347
7927,12.69488
7928,11.367311
7929,17.135593
7930,15.663758
7931,13.458647
7932,14.698353
7933,14.957286
7934,11.278723
7935,14.1364355
7936,11.595604
7937,17.034788
7938,13.114109
7939,8.455042
7940,9.605331
7941,8.811887
7942,11.37348
7943,11.993117
7944,15.1863575
7945,12.117989
7946,6.502345
7947,16.56629
7948,10.125372
7949,11.087221
7950,8.754182
7951,15.417472
7952,13.601232
7953,16.452063
7954,10.318032
7955,12.1929655
7956,21.070377
7957,12.676546
7958,13.023229
7959,11.753661
7960,13.466025
7961,6.6493545
7962,7.2093925
7963,11.013718
7964,7.7589626
7965,8.235878
7966,18.037443
7967,12.448968
7968,15.764593
7969,11.109068
7970,13.526008
7971,12.961563
7972,7.6253386
7973,16.251583
7974,11.5491295
7975,17.085838
7976,15.343729
7977,9.795019
7978,13.311733
7979,6.69082
7980,14.98313
7981,11.469151
7982,16.77947
7983,7.685081
7984,13.457146
7985,16.019318
7986,13.015407
7987,15.227487
7988,8.733867
7989,12.138057
7990,12.95158
7991,11.616783
7992,13.127147
7993,15.786858
7994,14.373256
7995,9.098199
7996,11.92732
7997,9.640187
7998,20.127172
7999,12.739623
8000,9.480245
8001,11.664386
8002,14.708242
8003,18.079842
8004,10.899217
8005,12.177729
8006,10.936056
8007,9.380992
8008,12.706025
8009,14.196638
8010,9.183946
8011,9.204919
8012,12.042873
8013,9.107369
8014,9.128177
8015,16.710684
8016,19.40658
8017,6.7277017
8018,14.330493
8019,14.160032
8020,13.233975
8021,7.537751
8022,10.012891
8023,12.242363
8024,12.025019
8025,20.305235
8026,15.552653
8027,13.406274
8028,12.534447
8029,12.120344
8030,8.8472595
8031,15.948631
8032,8.65918
8033,11.867619
8034,15.777662
8035,17.314785
8036,11.015043
8037,6.6777735
8038,17.287027
8039,14.823016
8040,11.176863
8041,14.722398
8042,10.038728
8043,10.332767
8044,9.713497
8045,13.525469
8046,16.417034
8047,17.958769
8048,17.484447
8049,14.258052
8050,7.3623915
8051,9.929667
8052,10.515489
8053,14.446099
8054,12.893248
8055,13.942567
8056,7.464172
8057,12.387684
8058,13.041471
8059,10.711343
8060,15.568271
8061,13.322165
8062,9.6969185
8063,16.246344
8064,13.1051035
8065,7.870285
8066,13.160534
8067,12.584679
8068,12.72723
8069,20.606781
8070,18.578415
8071,17.853676
8072,14.558373
8073,8.897601
8074,9.369238
8075,12.463504
8076,9.537582
8077,9.3442745
8078,16.260628
8079,8.8112135
8080,8.597211
8081,13.021064
8082,19.49388
8083,16.706467
8084,11.151149
8085,9.497153
8086,10.083857
8087,7.9746604
8088,14.436648
8089,13.849523
8090,12.044984
8091,15.708487
8092,7.901135
8093,13.778502
8094,12.775782
8095,11.370982
8096,18.234646
8097,8.586028
8098,10.243239
8099,18.138014
8100,12.793182
8101,14.179155
8102,7.3731947
8103,9.600206
8104,14.658152
8105,16.488026
8106,13.581784
8107,6.996122
8108,12.346012
8109,14.988093
8110,8.513202
8111,18.806364
8112,9.274605
8113,12.0227585
8114,11.429506
8115,10.192203
8117,14.098102
8118,16.337578
8119,18.104816
8120,11.427807
8121,14.819111
8122,11.785272
8123,14.15999
8124,8.362001
8125,13.506782
8126,15.242277
8127,15.546546
8128,18.902836
8129,14.619329
8130,9.114164
8131,16.754578
8132,13.266853
8133,13.572985
8134,14.760969
8135,12.254192
8136,11.213755
8137,15.556735
8138,11.574152
8139,14.379878
8140,12.528674
8141,15.401231
8142,14.297199
8143,13.732383
8144,15.51718
8145,8.508466
8146,14.792993
8147,10.110408
8148,6.12158
8149,6.9542723
8150,12.973491
8151,15.381911
8152,14.404393
8153,13.435647
8154,13.092005
8155,13.999804
8156,13.478283
8157,16.420586
8158,16.32928
8159,7.8582535
8160,17.216278
8161,14.987755
8162,8.14995
8163,11.301605
8164,17.217535
8165,10.906495
8166,15.947713
8167,12.655059
8168,16.398129
8169,10.901531
8170,7.6681104
8171,19.894867
8172,9.493872
8173,14.57409
8174,18.072392
8175,9.523539
8176,13.723833
8177,6.4640265
8178,13.454842
8179,12.211896
8180,10.810793
8181,8.823302
8182,17.127232
8183,10.618258
8184,16.03449
8185,11.932093
8186,6.8371663
8187,7.138537
8188,14.054088
8189,16.429085
8190,10.633947
8191,17.229822
8192,8.287365
8193,14.240671
8194,12.187327
8195,5.842077
8196,3.0476108
8197,7.794677
8198,19.690306
8199,10.869171
8200,8.541952
8201,8.525781
8202,10.489801
8203,9.8096075
8204,14.411912
8205,12.149336
8206,10.122591
8207,7.5158167
8208,12.012164
8209,12.671794
8210,12.231745
8211,15.036359
8212,10.7646055
8213,7.146195
8214,6.527457
8215,17.014668
8216,10.573685
8217,9.21824
8218,16.020208
8219,12.885154
8220,15.505649
8221,17.01832
8222,13.938027
8223,12.931056
8224,8.47324
8225,15.440374
8226,16.626839
8227,9.766042
8228,7.0366106
8229,12.039708
8230,14.95886
8231,10.042846
8232,12.617762
8233,5.4735994
8234,11.106928
8235,10.307284
8236,14.826415
8237,8.125819
8238,10.246922
8239,13.960806
8240,14.433898
8241,15.881901
8242,9.271098
8243,13.923898
8244,10.011564
8245,5.059643
8246,13.840933
8247,14.263563
8248,9.430172
8249,13.799637
8250,10.220101
8251,10.74514
8252,16.274426
8253,12.3419895
8254,14.867614
8255,8.758542
8256,16.079365
8257,14.227612
8258,12.633234
8259,11.799124
8260,11.482508
8261,17.720936
8262,8.107145
8263,9.881634
8264,13.842829
8265,9.51252
8266,14.420597
8267,14.480675
8268,12.635193
8269,14.830116
8270,6.1052513
8271,9.696975
8272,5.993039
8273,12.628901
8274,14.198208
8275,16.213972
8276,14.165375
8277,13.222185
8278,12.660762
8279,12.197129
8280,13.475377
8281,13.849608
8282,8.2860775
8283,7.8664684
8284,16.862782
8285,9.786876
8286,14.030086
8287,6.543256
8288,12.895823
8289,10.7291
8290,18.250326
8291,9.345694
8292,6.9092317
8293,20.83258
8294,13.878677
8295,7.6121655
8296,15.779885
8297,6.1757574
8298,15.345367
8299,16.240673
8300,13.087741
8301,17.92349
8302,10.730237
8303,11.110579
8304,11.070657
8305,9.091392
8306,11.584908
8307,9.029683
8308,7.4251256
8309,10.133338
8310,12.6438
8311,9.512758
8312,13.272432
8313,11.85633
8314,12.413163
8315,12.692861
8316,9.284678
8318,15.82297
8319,7.174668
8320,14.427555
8321,10.492009
8322,10.344123
8323,12.307029
8324,13.321178
8325,11.677187
8326,10.351257
8327,14.0763855
8328,14.681832
8329,12.6966
8330,7.060354
8331,9.007351
8332,11.873415
8333,8.788128
8334,18.06881
8335,8.550235
8336,17.086184
8337,7.7764974
8338,9.576497
8339,16.995657
8340,13.167266
8341,10.406377
8342,10.501706
8343,14.312886
8344,12.157174
8345,9.455765
8346,11.608271
8347,13.007919
8348,17.013308
8349,18.499844
8350,13.886017
8351,18.672832
8352,15.950664
8353,8.645804
8354,14.939188
8355,8.422636
8356,11.647181
8357,16.490711
8358,9.92121
8359,11.15866
8360,17.61568
8361,13.9002695
8362,9.694992
8363,16.583118
8364,14.302394
8365,11.6165905
8366,16.562546
8367,14.69968
8368,15.747443
8369,9.285703
8370,12.267939
8371,16.975422
8372,15.638843
8373,10.4064245
8374,15.343992
8375,7.073534
8376,11.045997
8377,14.867334
8378,12.430986
8379,10.643952
8380,13.357091
8381,8.770533
8382,11.262458
8383,8.218519
8384,12.142645
8385,18.06559
8386,10.476858
8387,20.942661
8388,16.409267
8389,9.456662
8390,15.669983
8391,17.965845
8392,12.379191
8393,9.893594
8394,12.251111
8395,10.758245
8396,11.52369
8397,12.919331
8398,14.242942
8399,12.058187
8400,13.488478
8401,10.96867
8402,12.345715
8403,7.775615
8404,17.843248
8405,11.915759
8406,15.544163
8407,9.819965
8408,12.375891
8409,9.799928
8410,24.721922
8411,17.383427
8412,12.163209
8413,12.412123
8414,13.252871
8415,16.112339
8416,16.559128
8417,8.832241
8418,12.15901
8419,9.759555
8420,9.122086
8421,12.518306
8422,20.963951
8423,11.588755
8424,10.0892515
8425,12.218814
8426,6.09355
8427,13.6981535
8428,21.02273
8429,11.892317
8430,18.719353
8431,7.325948
8432,5.5811577
8433,12.522877
8434,10.8224325
8435,14.7569685
8436,9.053348
8437,10.521348
8438,9.171905
8439,14.213402
8440,11.366275
8441,10.3332405
8442,15.112266
8443,9.385872
8444,9.81084
8445,16.727646
8446,11.715865
8447,12.832308
8448,18.891161
8449,19.441055
8450,8.386225
8451,12.129958
8452,19.046804
8453,10.659329
8454,10.439409
8455,24.666204
8456,10.481144
8457,9.386691
8458,15.859906
8459,19.308426
8460,12.507917
8461,11.839789
8462,11.124807
8463,16.375116
8464,11.46681
8465,10.2491255
8466,13.3391075
8467,7.2008457
8468,6.818001
8469,13.274567
8470,14.561755
8471,20.744688
8472,13.673433
8473,7.4250097
8474,10.915597
8475,7.2385488
8476,11.723603
8477,8.9069
8478,12.00669
8479,12.406797
8480,7.6597476
8481,7.434761
8482,17.279083
8483,14.344837
8484,10.929107
8485,11.710436
8486,12.203756
8487,9.550652
8488,21.065596
8489,18.935518
8490,13.370402
8491,12.838153
8492,11.518828
8493,12.738537
8494,10.607522
8495,7.4937725
8496,9.354826
8497,13.984687
8498,14.957294
8499,7.323383
8500,11.910026
8501,12.925582
8502,4.754725
8503,11.946249
8504,10.997445
8505,11.084297
8507,18.977718
8508,10.890004
8509,10.946616
8510,16.114124
8511,12.125929
8512,14.767953
8513,17.250832
8514,20.323755
8515,15.032795
8516,14.765081
8517,12.380323
8518,12.896758
8519,11.003474
8520,11.862969
8521,20.180326
8522,12.289422
8523,10.495842
8524,15.889262
8525,13.668479
8526,18.69946
8527,16.841059
8528,10.165631
8529,16.100582
8530,13.35645
8531,10.810215
8532,11.072982
8533,12.017077
8534,15.647952
8535,16.894976
8536,12.346268
8537,14.027963
8538,11.536023
8539,7.71569
8540,12.770963
8541,11.501322
8542,14.03676
8543,14.886982
8544,13.610946
8545,8.857972
8546,12.351496
8547,10.952026
8548,12.679463
8549,15.265518
8550,9.123923
8551,13.694191
8552,10.801538
8553,11.403761
8554,7.445207
8555,10.904054
8556,9.19983
8557,14.144024
8558,8.722854
8559,8.434252
8560,9.855429
8561,10.161469
8562,14.818143
8564,14.933966
8565,10.73433
8566,7.702959
8567,12.107159
8568,11.99852
8569,14.572635
8570,7.2421384
8571,15.429219
8572,10.286975
8573,13.693426
8574,10.4835
8575,16.011854
8576,13.895202
8577,16.583057
8578,11.529171
8579,7.28747
8580,11.44096
8581,13.672895
8582,13.137297
8583,11.556207
8584,11.65752
8585,14.870985
8586,12.236408
8587,15.061138
8588,16.174122
8589,15.330222
8590,10.407885
8591,18.676817
8592,12.1753435
8593,17.627258
8594,10.552229
8595,7.3936095
8596,9.698968
8597,11.857681
8598,17.405506
8599,7.8352265
8600,19.04046
8601,12.364351
8602,15.4635315
8603,10.319658
8604,7.0033293
8605,15.513418
8607,12.894402
8608,12.170377
8609,16.220947
8610,13.823154
8611,14.64893
8612,7.086422
8613,9.503048
8614,12.682561
8615,5.133085
8616,12.956327
8617,11.776732
8618,20.184753
8619,10.98753
8620,8.563295
8621,13.070121
8622,11.479631
8623,13.511412
8624,15.207311
8625,15.332996
8626,15.223656
8627,18.293266
8628,10.35811
8629,10.201196
8630,14.6830015
8631,13.977337
8632,9.817335
8633,8.068747
8634,6.3389544
8635,20.291483
8636,11.078837
8637,13.856919
8638,9.840263
8639,6.549081
8640,12.366595
8641,10.834282
8642,16.693134
8643,6.661226
8644,12.799034
8645,8.446437
8646,17.702337
8647,11.055639
8648,15.204333
8649,14.518672
8650,10.010333
8651,13.849568
8652,18.466372
8653,14.351555
8654,14.642859
8655,6.625469
8656,12.433906
8657,10.627184
8658,14.776829
8659,11.862376
8660,20.643559
8661,10.462446
8662,13.336557
8663,8.718523
8664,9.841625
8665,11.1082735
8666,12.365923
8667,11.483328
8668,6.0227346
8669,13.606122
8670,9.420461
8671,15.132536
8672,13.802201
8673,12.563436
8674,11.382957
8675,10.104912
8676,5.161122
8677,17.587301
8678,14.1494055
8679,4.802821
8680,13.459877
8681,14.173826
8682,11.165008
8683,17.486422
8684,15.09063
8685,9.3489275
8686,12.47439
8687,9.263602
8688,12.146346
8689,13.746136
8690,10.998462
8691,16.215626
8692,14.544402
8693,9.739765
8694,12.068432
8695,15.908137
8696,8.455395
8697,6.937797
8698,16.593452
8699,11.716361
8700,9.794904
8701,13.977526
8702,11.742296
8703,10.589555
8704,19.502165
8705,10.670945
8706,15.078946
8707,14.278097
8708,15.509531
8709,8.305542
8710,7.65059
8711,14.970652
8712,10.078893
8713,9.872469
8714,7.776395
8715,16.9586
8716,15.353164
8717,18.476946
8718,11.782676
8719,18.34194
8720,12.446889
8721,7.8527827
8722,12.916855
8723,14.265332
8724,15.111327
8725,12.580315
8726,8.892782
8727,10.72634
8728,10.596899
8729,10.004455
8730,10.699572
8731,17.791313
8732,8.440603
8733,13.761114
8734,7.353818
8735,13.687648
8736,10.566123
8737,7.6604075
8738,10.3923025
8739,9.039208
8740,8.629962
8741,11.411324
8742,19.14657
8743,13.344858
8744,7.498373
8745,20.056644
8746,11.508406
8747,16.992834
8748,13.680591
8749,11.752082
8750,11.324181
8751,8.637615
8752,15.645555
8753,9.192051
8754,8.995404
8755,14.897612
8756,8.135193
8757,15.419736
8758,13.171385
8759,15.54316
8760,17.381292
8761,13.412591
8762,10.950446
8763,14.230778
8764,12.170337
8765,17.340498
8766,11.391598
8767,13.62991
8768,15.583271
8769,19.334814
8770,10.124727
8771,11.342351
8772,9.910773
8773,8.661538
8774,14.080826
8775,15.071105
8776,9.94922
8777,10.848691
8778,12.86243
8779,12.462517
8780,18.142143
8781,13.641308
8782,7.617682
8783,11.375091
8784,12.793403
8785,5.0399957
8786,13.880922
8787,13.540983
8788,11.601191
8789,14.512841
8790,17.69376
8791,9.949855
8792,13.275641
8793,14.142948
8794,7.650979
8795,7.932616
8796,12.905911
8797,10.036628
8798,12.070731
8799,10.073533
8800,11.67802
8801,12.373706
8802,6.6618385
8803,7.347155
8804,11.258928
8805,11.373004
8806,18.371328
8807,7.7483163
8808,9.161473
8809,17.449873
8810,17.44972
8811,13.457079
8812,12.71041
8813,15.407787
8814,12.067116
8815,9.254239
8816,18.496069
8817,18.39134
8818,12.703458
8819,9.26985
8820,6.954654
8821,18.820843
8822,14.428313
8823,17.030815
8824,14.449775
8825,7.087188
8826,16.618187
8827,13.684675
8828,12.151326
8829,9.79405
8830,9.912996
8831,7.5125837
8832,6.729562
8833,11.14344
8834,14.142129
8835,10.087282
8836,7.3542767
8837,15.803535
8838,7.7458363
8839,6.7218328
8840,4.7713966
8841,11.305659
8842,13.239492
8843,16.531813
8844,12.007605
8845,14.92906
8846,17.335466
8847,14.438178
8848,12.472301
8849,18.21764
8850,8.328015
8851,7.8259172
8852,12.394928
8853,11.850349
8854,16.911488
8855,10.802728
8856,17.310942
8857,13.79
8858,5.2396255
8859,8.594483
8860,10.830489
8861,11.735793
8862,7.530279
8863,17.445019
8864,8.466883
8865,11.406551
8866,13.80807
8867,13.61448
8868,17.245562
8869,10.733848
8870,10.810497
8871,8.400015
8872,12.236801
8873,8.255905
8874,9.565722
8875,12.596094
8876,7.9848695
8877,16.383827
8878,7.133403
8879,17.566349
8880,18.62714
8881,16.62889
8882,11.935656
8883,14.250475
8884,14.466646
8885,16.727365
8886,11.018578
8887,9.956694
8888,10.030495
8889,7.910934
8890,12.337899
8891,14.2581415
8892,14.778366
8893,11.762864
8894,11.385947
8895,13.990155
8896,7.593861
8897,5.264403
8898,13.2838545
8899,12.653372
8900,12.609255
8901,18.400055
8902,12.057871
8903,10.87564
8904,10.336427
8905,15.228123
8906,8.112919
8907,11.067702
8908,6.431622
8909,10.980681
8910,12.460272
8911,7.933764
8912,9.983801
8913,10.515914
8914,16.60253
8915,13.232851
8916,16.403118
8917,9.458629
8918,7.034977
8919,16.861574
8920,11.862501
8921,9.883122
8922,13.925107
8923,8.712559
8924,9.650708
8925,12.631798
8926,10.625598
8927,9.378541
8928,13.565142
8929,8.135224
8930,11.630526
8931,10.80065
8932,13.734949
8933,10.386473
8934,11.11968
8935,14.479881
8936,14.061937
8937,11.676428
8938,6.216621
8939,12.577064
8940,15.725999
8941,16.469711
8942,10.314753
8943,18.79066
8944,14.055641
8945,12.85473
8946,16.22595
8947,15.574288
8948,17.423119
8949,3.4338017
8950,15.927387
8951,17.709578
8952,16.563667
8953,10.92184
8954,12.192798
8955,11.606807
8956,12.796127
8957,15.802088
8958,10.966564
8959,17.492268
8960,10.350002
8961,13.488534
8962,8.308233
8963,15.123048
8964,9.9787445
8965,12.087074
8966,15.467481
8967,8.715497
8968,11.1295805
8969,7.610526
8970,6.6158257
8971,13.19949
8972,11.351051
8973,7.5410566
8974,6.2808075
8975,13.119878
8976,19.070738
8977,12.221452
8978,10.946971
8979,10.61346
8980,17.233994
8981,11.856073
8982,11.625719
8983,11.302733
8984,12.747327
8985,11.343448
8986,14.039829
8987,13.524147
8988,13.618608
8989,15.260401
8990,15.48222
8991,15.121649
8992,11.651949
8993,12.282824
8994,10.809436
8995,12.0267935
8996,11.055018
8997,18.074886
8998,12.637147
8999,14.581057
9000,16.69852
9001,11.640201
9002,13.536835
9003,10.5256405
9004,10.3053465
9005,12.911894
9006,13.992
9007,13.525533
9008,12.013555
9009,11.233123
9010,8.559898
9011,9.47799
9012,14.056183
9013,10.767461
9014,9.276958
9015,14.994116
9016,12.57725
9017,13.856983
9018,10.080426
9019,11.45718
9020,16.213139
9021,10.391401
9022,10.92863
9023,13.217166
9024,6.254562
9025,10.133892
9026,8.911286
9027,7.923916
9028,11.319359
9029,6.174055
9030,13.180667
9031,17.18815
9032,17.69576
9033,15.465321
9034,6.341414
9035,13.533328
9036,13.822592
9037,16.925274
9038,17.97341
9039,6.4650607
9040,11.975474
9041,14.644637
9042,9.391078
9043,15.796543
9044,14.355996
9045,7.2481093
9046,10.60883
9047,7.6992607
9048,11.300066
9049,13.594451
9050,6.711387
9051,7.939391
9052,16.20304
9053,13.154805
9054,11.540839
9055,10.220474
9056,12.233952
9057,9.29973
9058,18.177248
9059,11.865658
9060,13.547294
9061,9.436079
9062,11.604641
9063,7.837124
9064,10.662788
9065,15.511997
9066,17.442627
9067,6.192111
9068,11.5362625
9069,15.952437
9070,13.792967
9071,15.405194
9072,12.961172
9073,7.879883
9074,18.934061
9075,7.7649174
9076,8.245923
9077,3.5510814
9078,8.688069
9079,17.550793
9080,16.692383
9081,12.887405
9082,15.935723
9083,13.790889
9084,13.375606
9085,13.480343
9086,9.693093
9087,11.921751
9088,13.015563
9089,14.699677
9090,13.58891
9091,12.286472
9092,12.201582
9093,13.748367
9094,17.735191
9095,17.028177
9096,10.006329
9097,11.184771
9098,16.507563
9099,12.099167
9100,13.099694
9101,15.1308
9102,15.869125
9103,16.864727
9104,13.468064
9105,8.886452
9106,12.4557495
9107,12.095945
9108,9.803347
9109,13.136587
9110,6.4905415
9111,17.021053
9112,10.8474
9113,14.463868
9114,15.136959
9115,9.687699
9116,18.89434
9117,13.272993
9118,12.830376
9119,7.966668
9120,16.361889
9121,7.554006
9122,8.964654
9123,11.858594
9124,14.867336
9125,9.709091
9126,6.7137127
9127,9.54193
9128,12.376883
9129,14.14322
9130,13.308525
9131,20.172024
9132,10.601431
9133,11.671967
9134,14.548162
9135,13.795948
9136,14.669316
9137,13.053332
9138,9.495043
9139,15.046741
9140,16.587978
9141,18.16726
9142,11.820709
9143,6.3037314
9144,12.353213
9145,9.69017
9146,20.04949
9147,16.285154
9148,7.674339
9149,7.0830207
9150,10.039815
9151,12.138006
9152,9.940827
9153,12.315937
9154,14.5306225
9155,7.8895373
9156,17.384235
9157,11.6899605
9158,10.391294
9159,7.9461727
9160,8.805609
9161,8.260611
9162,9.528039
9163,10.459261
9164,20.178013
9165,13.723407
9166,18.988535
9167,17.485785
9168,8.936885
9169,13.4417925
9170,14.165388
9171,7.771179
9172,16.135284
9173,10.286659
9174,12.244233
9175,9.696081
9176,8.816188
9177,15.627339
9178,18.115192
9179,14.7599
9180,14.605276
9181,13.473435
9182,12.457425
9183,7.571154
9184,18.364397
9185,9.566657
9186,11.894532
9187,19.58254
9188,6.211972
9189,9.659893
9190,19.61708
9191,13.758359
9192,6.1039305
9193,12.516359
9194,8.102837
9195,18.669897
9196,16.782019
9197,13.877485
9198,13.333628
9199,8.751511
9200,10.326072
9201,16.375269
9202,11.346668
9203,13.211083
9204,8.968148
9205,13.917112
9206,9.178967
9207,11.885523
9208,10.091134
9209,10.584841
9210,15.647485
9211,17.555815
9212,8.877569
9213,7.151883
9214,15.79369
9215,9.999989
9216,14.288648
9217,8.072481
9218,12.429849
9219,7.718497
9220,11.43798
9221,18.230831
9222,10.409428
9223,9.199086
9224,18.716993
9225,12.930684
9226,10.965356
9227,17.542948
9228,13.326805
9229,8.97145
9230,8.881273
9231,8.418252
9232,13.540742
9234,8.663512
9235,6.69933
9236,16.956343
9237,11.342924
9238,15.54104
9239,9.074371
9240,11.396423
9241,9.867471
9242,11.711047
9243,7.3943243
9244,10.990098
9245,10.28342
9246,9.15576
9247,9.365653
9248,9.87179
9249,15.218476
9250,11.677409
9251,9.182052
9252,11.703001
9253,14.934958
9254,11.547638
9255,8.23612
9256,13.015653
9257,12.443424
9258,9.655612
9259,11.54109
9260,7.7123117
9261,12.864633
9262,10.55605
9263,12.3081665
9264,10.509476
9265,13.56555
9266,11.566152
9267,11.497584
9268,8.644717
9269,17.017254
9270,7.140447
9271,10.306347
9272,14.799377
9273,14.692758
9274,19.647572
9275,15.6744375
9276,9.733301
9277,15.01594
9278,10.364725
9279,15.369248
9280,5.662407
9281,12.451935
9282,13.249329
9283,19.464142
9284,17.623463
9285,17.742998
9286,9.037533
9287,16.271044
9288,16.911743
9289,16.659134
9290,15.229338
9291,8.111032
9292,18.339981
9293,10.735233
9294,14.762761
9295,9.540435
9296,12.074817
9297,15.535223
9298,9.809393
9299,12.375367
9300,15.977953
9301,17.899864
9302,16.369095
9303,11.261538
9304,13.923597
9305,14.722939
9306,16.266293
9307,7.731444
9308,13.554481
9309,7.8200717
9310,7.981671
9311,9.965078
9312,13.432602
9313,15.996938
9314,9.412262
9315,12.563011
9316,12.805296
9317,16.424541
9318,10.017879
9319,14.841963
9320,16.48103
9321,8.072445
9322,13.936455
9323,14.430202
9324,13.734249
9325,14.302955
9326,13.72563
9327,12.0668
9328,16.703194
9329,18.523497
9330,9.660282
9331,13.322748
9332,17.928556
9333,11.392719
9334,18.924847
9335,15.054579
9336,15.355444
9337,20.780045
9338,7.7540846
9339,7.301416
9340,11.57959
9341,19.035622
9342,17.467926
9343,13.320787
9344,13.425707
9345,12.075022
9346,8.800802
9347,14.497984
9348,8.538591
9349,8.822613
9350,11.487782
9351,7.9843764
9352,14.31949
9353,15.15096
9354,13.139491
9355,9.940372
9356,19.036095
9357,16.872896
9358,8.090777
9359,7.2539434
9360,13.160201
9361,10.246857
9362,16.572693
9363,6.161695
9364,13.878194
9365,11.338944
9366,12.97131
9367,8.6544695
9368,16.447174
9369,10.38358
9370,15.557409
9371,13.977676
9372,15.73636
9373,15.46642
9374,11.990934
9375,15.217706
9376,18.981695
9377,9.728181
9378,14.993011
9379,14.208264
9380,14.078303
9381,11.3115635
9382,14.596846
9383,8.748489
9384,16.000507
9385,13.139686
9386,14.30898
9387,13.41585
9388,9.760121
9389,13.911709
9390,11.219715
9391,20.844494
9392,13.273635
9393,18.240963
9394,14.178046
9395,12.931658
9396,8.593041
9397,14.870685
9398,12.190087
9399,15.688917
9400,12.361123
9401,16.859468
9402,8.831489
9403,9.361884
9404,9.119899
9405,9.039369
9406,9.285856
9407,10.671551
9408,12.8847685
9409,8.235082
9410,14.417456
9411,8.659914
9412,12.311652
9413,9.976143
9414,7.520438
9415,7.1952076
9416,22.125706
9417,12.500698
9418,17.649673
9419,13.539017
9420,15.333855
9421,12.085948
9422,10.795989
9423,11.336644
9424,11.690277
9425,12.609478
9426,12.447126
9427,15.236473
9428,7.8343277
9429,14.124218
9430,11.543973
9431,15.702193
9432,10.957751
9433,8.592713
9434,18.65945
9435,9.793997
9436,8.999203
9437,14.308401
9438,10.0201025
9439,12.583933
9440,11.41247
9441,12.713783
9442,13.733448
9443,11.383554
9444,12.344811
9445,11.942005
9446,13.687794
9447,9.142292
9448,16.043802
9449,15.863205
9450,12.362757
9451,14.185709
9452,7.652366
9453,16.07556
9454,21.131723
9455,9.048116
9456,12.8819895
9457,13.666899
9458,15.986419
9459,15.92268
9460,18.122728
9461,10.926336
9462,12.307024
9463,9.722399
9464,7.464667
9465,17.261175
9466,16.805971
9467,6.2742357
9468,11.741808
9469,16.707628
9470,13.006964
9471,11.224606
9472,10.444029
9473,19.21339
9474,19.162107
9475,14.454149
9476,17.2443
9477,15.057385
9478,14.325995
9479,13.409693
9480,16.600725
9481,8.717909
9482,16.584503
9483,15.787627
9484,10.293967
9485,8.726996
9486,12.386809
9487,18.891928
9488,11.611139
9489,13.69681
9490,8.35474
9491,11.467845
9492,12.260571
9493,8.707965
9494,14.664386
9495,11.203296
9496,11.21301
9497,9.065549
9498,12.356087
9499,13.495244
9500,8.330521
9501,10.895
9502,16.104218
9503,17.817024
9504,18.441051
9505,13.691864
9506,13.050255
9507,9.753747
9508,13.015275
9509,10.023508
9510,18.851912
9511,13.74756
9512,10.792126
9513,10.708647
9514,15.080749
9515,16.386532
9516,9.176909
9517,13.068294
9518,8.543576
9519,14.140812
9520,12.41162
9521,13.173827
9522,13.09374
9523,8.409063
9524,11.046588
9525,12.747733
9526,14.147634
9527,13.856125
9528,10.107012
9529,9.617113
9530,8.992334
9531,10.990591
9532,20.751257
9533,9.436132
9534,11.554953
9535,17.894754
9536,10.038469
9537,9.952415
9538,20.395096
9539,17.77698
9540,13.640484
9541,10.1571045
9542,10.340056
9543,8.691277
9544,15.289835
9545,6.2240887
9546,18.51726
9547,10.899338
9548,16.114155
9549,10.772016
9550,3.605345
9551,12.9328785
9552,12.451734
9553,10.476575
9554,7.8484106
9555,16.395187
9556,14.333979
9557,10.104553
9558,13.38921
9559,12.396501
9560,17.93278
9561,15.254344
9562,10.907455
9563,14.594418
9564,9.32406
9565,13.212767
9566,10.7246065
9567,14.249082
9568,12.881454
9569,15.681871
9570,8.022726
9571,9.199971
9572,20.217192
9573,12.8033905
9574,9.31641
9575,7.3365135
9576,11.526334
9577,10.219978
9578,16.903786
9579,18.097998
9580,14.472826
9581,11.886591
9582,14.7511835
9583,12.247948
9584,22.865974
9585,12.66261
9586,14.034185
9587,16.369587
9588,20.507233
9589,14.396711
9590,12.283865
9591,17.226717
9592,10.8778715
9593,10.017519
9594,11.207142
9595,7.252823
9596,9.328544
9597,6.2568655
9598,8.443205
9599,7.7668033
9600,14.584049
9601,18.774868
9602,13.855045
9603,6.3249693
9604,16.270412
9605,16.295444
9606,10.353761
9607,7.410248
9608,9.481363
9609,15.450119
9610,15.748814
9611,9.292693
9612,9.860715
9613,13.802214
9614,14.911707
9615,11.102158
9616,17.084862
9617,14.149925
9618,9.409269
9619,13.068485
9620,14.671082
9621,12.743768
9622,11.39167
9623,14.226528
9624,12.297605
9625,11.71859
9626,16.486137
9627,14.501619
9628,10.902907
9629,10.348062
9630,8.529343
9631,6.4296155
9632,11.571501
9633,13.31541
9634,18.484188
9635,9.291364
9636,13.435948
9637,11.226548
9638,7.6557364
9639,10.563189
9640,18.072409
9641,7.418264
9642,11.670718
9643,14.558794
9644,11.338667
9645,12.800406
9646,7.489083
9647,8.9472
9648,17.536814
9649,9.146894
9650,11.502834
9651,11.18701
9652,15.661585
9653,17.514158
9654,15.187033
9655,14.108461
9656,11.806495
9657,11.895462
9658,10.756948
9659,9.001545
9660,11.298512
9661,8.291672
9662,15.678993
9663,14.100046
9664,12.370163
9665,10.795356
9666,17.35196
9667,13.451932
9668,3.8619237
9669,9.227168
9670,8.271433
9671,6.3471766
9672,13.70676
9673,15.330099
9674,14.124138
9675,15.798601
9676,7.571251
9677,16.856424
9678,4.921682
9679,13.514272
9680,21.878746
9681,9.564179
9682,15.59042
9683,13.337293
9684,14.116894
9685,6.3496895
9686,13.070441
9687,18.895773
9688,9.778575
9689,11.688484
9690,16.04318
9691,11.637909
9692,11.556123
9693,5.2181344
9694,10.839956
9695,14.749586
9696,12.678246
9697,9.765384
9698,14.683273
9699,8.205437
9700,9.909112
9701,10.157392
9702,13.714631
9703,11.398865
9704,6.7397375
9705,7.1627593
9706,12.950174
9707,17.328257
9708,8.453357
9709,10.008702
9710,9.051604
9711,9.417876
9712,11.589694
9713,10.802644
9714,8.668076
9715,11.616416
9716,9.238416
9717,6.6718707
9718,17.707508
9719,16.350895
9720,17.656193
9721,16.563112
9722,14.042642
9723,6.6675
9724,11.7987175
9725,20.304502
9726,12.822687
9727,13.944737
9728,11.778377
9729,15.976184
9730,15.171316
9731,8.296888
9732,8.425129
9733,15.791304
9735,9.948917
9736,7.357692
9737,13.513978
9739,12.623314
9740,13.264421
9741,17.280397
9742,14.5838375
9743,3.6795928
9744,11.504458
9745,14.591686
9746,12.618172
9747,7.254739
9748,10.20899
9749,15.314215
9750,15.084706
9751,13.130996
9752,16.197075
9753,9.685266
9754,13.348546
9755,8.501468
9756,9.390492
9757,11.605929
9758,8.792085
9759,16.298851
9760,15.110256
9761,19.205956
9762,9.019668
9763,17.400732
9764,10.74073
9765,12.317373
9766,12.570551
9767,13.419424
9768,12.75457
9769,7.0760007
9770,11.633157
9771,6.958091
9772,11.220274
9773,13.601058
9774,11.947379
9775,8.545995
9776,6.49516
9777,12.286359
9778,12.55047
9779,14.061059
9780,15.090169
9781,12.264601
9782,18.821678
9783,10.60249
9784,11.891959
9785,12.895585
9786,10.875931
9787,15.541222
9788,12.544723
9789,7.360213
9790,12.330442
9791,12.970755
9792,8.504954
9793,18.158382
9794,10.698126
9795,12.381635
9796,9.909769
9797,14.977426
9798,9.72312
9799,16.577114
9800,13.723397
9801,14.106321
9802,14.140334
9803,14.778437
9804,7.0046325
9805,15.079017
9806,10.217608
9807,13.371252
9808,13.83303
9809,15.233039
9810,14.916886
9811,14.054534
9812,16.26394
9813,7.3426533
9814,10.719696
9815,19.53374
9816,13.866096
9817,8.846579
9818,6.3673964
9819,8.85356
9820,11.445809
9821,14.701496
9822,18.292845
9823,10.47932
9824,13.977635
9825,14.816909
9826,7.9924664
9827,12.638871
9828,12.866071
9829,12.183177
9830,14.608459
9831,15.648286
9832,4.2605352
9833,12.962965
9834,7.7621837
9835,15.225368
9836,15.217588
9837,12.202282
9838,6.096935
9839,16.590631
9840,9.200245
9841,14.629253
9842,9.601059
9843,10.192843
9844,11.635186
9845,15.68862
9846,6.5586495
9847,17.443293
9848,10.519059
9849,7.1164308
9850,9.129933
9851,8.39555
9852,9.586102
9853,23.553555
9854,11.309908
9855,10.162382
9856,16.284994
9857,19.132057
9858,16.549728
9859,18.911541
9860,11.935021
9861,12.526911
9862,9.555761
9863,17.671772
9864,7.139852
9865,11.655088
9866,18.811234
9867,13.086885
9868,18.689823
9869,8.246308
9870,13.5034895
9871,14.323365
9872,14.651435
9873,16.440002
9874,12.645579
9875,8.737745
9876,19.682978
9877,13.1949215
9878,6.6585994
9879,9.73649
9880,11.272066
9881,14.545018
9882,9.3479395
9883,19.412004
9884,14.48468
9885,14.442373
9886,10.1789465
9888,15.1209
9889,13.715947
9890,15.742649
9891,11.609182
9892,10.040162
9893,8.965815
9894,11.557006
9895,13.948799
9896,14.393237
9897,10.911783
9898,19.71107
9899,17.436747
9900,15.559683
9901,14.402415
9902,11.673978
9903,18.115671
9904,11.12932
9905,10.882438
9906,10.292906
9907,16.53406
9908,11.895134
9909,13.117742
9910,8.577027
9911,12.527215
9912,10.577724
9913,13.20903
9914,19.899149
9915,9.535008
9916,8.927985
9917,4.9752016
9918,20.645485
9919,10.019087
9920,6.894698
9921,14.551879
9922,19.45444
9923,11.949863
9924,18.203987
9925,9.219535
9926,8.98441
9927,12.849333
9928,8.304526
9929,9.929413
9930,10.216564
9931,10.09851
9932,11.606718
9933,18.751957
9934,10.176965
9935,12.355674
9936,14.811212
9937,5.694755
9938,13.558175
9939,12.610012
9940,11.038026
9941,6.6830935
9942,8.5377445
9943,14.283119
9944,14.438504
9945,14.128915
9946,13.448286
9947,10.500812
9948,11.97175
9949,13.529602
9950,11.211648
9951,12.419302
9952,19.742065
9953,9.952581
9954,13.770709
9955,10.02152
9956,18.566881
9957,14.010233
9958,12.189263
9959,12.181595
9960,12.484059
9961,12.792803
9962,14.480405
9963,7.3946195
9964,8.912549
9965,16.296484
9966,8.772408
9967,18.07091
9968,12.035663
9969,13.881532
9970,14.949359
9971,18.22933
9972,6.8819885
9973,16.421356
9974,10.665794
9975,17.757036
9976,13.867947
9977,13.012552
9978,13.90294
9979,14.741517
9980,15.47533
9981,15.339815
9982,8.182674
9983,15.907646
9984,8.764098
9985,10.642505
9986,16.18935
9987,16.240545
9988,14.543275
9989,16.718597
9990,11.809625
9991,17.017218
9992,17.356134
9993,15.168561
9994,13.757006
9995,10.092099
9996,12.97722
9997,8.648324
9998,10.641471
9999,13.951133
10000,14.8443
